{
  "format_version": "1.21.0",
  "minecraft:item": {
    "description": {
      "identifier": "economic:note_1000",
      "menu_category": {
        "category": "items"
      }
    },
    "components": {
      "minecraft:icon": {
        "textures": {
          "default": "economic_note_1000"
        }
      },
      "minecraft:max_stack_size": 64,
      "minecraft:display_name": {
        "value": "§f💵 Nota de 1000$"
      },
      "minecraft:use_modifiers": {
        "use_duration": 0,
        "movement_modifier": 1.0
      }
    }
  }
}