{
  "format_version": "1.21.0",
  "minecraft:item": {
    "description": {
      "identifier": "economic:note_500",
      "menu_category": {
        "category": "items"
      }
    },
    "components": {
      "minecraft:icon": {
        "textures": {
          "default": "economic_note_500"
        }
      },
      "minecraft:max_stack_size": 64,
      "minecraft:display_name": {
        "value": "§c💵 Nota de 500$"
      },
      "minecraft:use_modifiers": {
        "use_duration": 0,
        "movement_modifier": 1.0
      }
    }
  }
}