{
  "format_version": "1.21.0",
  "minecraft:item": {
    "description": {
      "identifier": "economic:admin_tablet",
      "menu_category": {
        "category": "items"
      }
    },
    "components": {
      "minecraft:icon": {
        "textures": {
          "default": "economic_admin_tablet"
        }
      },
      "minecraft:max_stack_size": 1,
      "minecraft:display_name": {
        "value": "Tablet de Administracao"
      },
      "minecraft:use_modifiers": {
        "use_duration": 0,
        "movement_modifier": 1.0
      },
      "minecraft:creative_category": {
        "parent": "itemGroup.name.miscFood"
      },
      "minecraft:attachable": {
        "attachables": [
          "economic:tablet_attachable"
        ]
      }
    }
  }
}